from,to,ndvi_mean,ndwi_mean,year,month,quarter,week,year_month,month_week
2018-01-01 00:00:00+00:00,2018-01-06 00:00:00+00:00,0.3565898940075626,-0.41458689694841605,2018,1,1,1,2018-01,1-1
2018-01-06 00:00:00+00:00,2018-01-11 00:00:00+00:00,0.27259346964493936,-0.3036823003299526,2018,1,1,1,2018-01,1-1
2018-01-11 00:00:00+00:00,2018-01-16 00:00:00+00:00,0.36879074014070773,-0.4355860580909121,2018,1,1,2,2018-01,1-2
2018-01-16 00:00:00+00:00,2018-01-21 00:00:00+00:00,0.33004285819993284,-0.3914923991950772,2018,1,1,3,2018-01,1-3
2018-01-21 00:00:00+00:00,2018-01-26 00:00:00+00:00,0.15681647206115173,-0.13006763931277188,2018,1,1,3,2018-01,1-3
2018-01-26 00:00:00+00:00,2018-01-31 00:00:00+00:00,0.26545030123540053,-0.28060715097046196,2018,1,1,4,2018-01,1-4
2018-01-31 00:00:00+00:00,2018-02-05 00:00:00+00:00,0.23025979865269072,-0.229308951734608,2018,1,1,5,2018-01,1-5
2018-02-05 00:00:00+00:00,2018-02-10 00:00:00+00:00,0.3267948592180677,-0.3730307810319532,2018,2,1,1,2018-02,2-1
2018-02-10 00:00:00+00:00,2018-02-15 00:00:00+00:00,0.32216718064670535,-0.3654834032282708,2018,2,1,1,2018-02,2-1
2018-02-15 00:00:00+00:00,2018-02-20 00:00:00+00:00,0.30899522852753086,-0.3631951670798928,2018,2,1,2,2018-02,2-2
2018-02-20 00:00:00+00:00,2018-02-25 00:00:00+00:00,-0.009997463319417286,0.045378943946123025,2018,2,1,3,2018-02,2-3
2018-02-25 00:00:00+00:00,2018-03-02 00:00:00+00:00,0.3189544249188901,-0.3759774324509773,2018,2,1,3,2018-02,2-3
2018-03-02 00:00:00+00:00,2018-03-07 00:00:00+00:00,0.29281043670326734,-0.34314240498766924,2018,3,1,1,2018-03,3-1
2018-03-07 00:00:00+00:00,2018-03-12 00:00:00+00:00,0.21769675393177096,-0.23396788870678537,2018,3,1,2,2018-03,3-2
2018-03-12 00:00:00+00:00,2018-03-17 00:00:00+00:00,0.23676188668612835,-0.27522214714761684,2018,3,1,3,2018-03,3-3
2018-03-17 00:00:00+00:00,2018-03-22 00:00:00+00:00,0.27254193854240527,-0.3450387229891188,2018,3,1,3,2018-03,3-3
2018-03-22 00:00:00+00:00,2018-03-27 00:00:00+00:00,0.25298945702484266,-0.2887079396826492,2018,3,1,4,2018-03,3-4
2018-03-27 00:00:00+00:00,2018-04-01 00:00:00+00:00,0.1958807715996117,-0.2173718433440763,2018,3,1,5,2018-03,3-5
2018-04-01 00:00:00+00:00,2018-04-06 00:00:00+00:00,0.13432632592650323,-0.12908998154158682,2018,4,2,1,2018-04,4-1
2018-04-06 00:00:00+00:00,2018-04-11 00:00:00+00:00,0.31034155061724417,-0.3636673537907612,2018,4,2,2,2018-04,4-2
2018-04-11 00:00:00+00:00,2018-04-16 00:00:00+00:00,0.28505361213660224,-0.3307682923176033,2018,4,2,3,2018-04,4-3
2018-04-16 00:00:00+00:00,2018-04-21 00:00:00+00:00,0.25427200873504513,-0.28538311498253327,2018,4,2,4,2018-04,4-4
2018-04-21 00:00:00+00:00,2018-04-26 00:00:00+00:00,0.3140731575104896,-0.3767413653182989,2018,4,2,4,2018-04,4-4
2018-04-26 00:00:00+00:00,2018-05-01 00:00:00+00:00,0.01134768586888195,0.004565527977179696,2018,4,2,5,2018-04,4-5
2018-05-01 00:00:00+00:00,2018-05-06 00:00:00+00:00,0.1844751692856808,-0.18073123003297062,2018,5,2,1,2018-05,5-1
2018-05-06 00:00:00+00:00,2018-05-11 00:00:00+00:00,0.31485231842398953,-0.3411053915291388,2018,5,2,1,2018-05,5-1
2018-05-11 00:00:00+00:00,2018-05-16 00:00:00+00:00,0.278675068883655,-0.27697459933381297,2018,5,2,2,2018-05,5-2
2018-05-16 00:00:00+00:00,2018-05-21 00:00:00+00:00,0.3746139690805351,-0.40116329396337974,2018,5,2,3,2018-05,5-3
2018-05-21 00:00:00+00:00,2018-05-26 00:00:00+00:00,0.2761518397538589,-0.2803324728428504,2018,5,2,4,2018-05,5-4
2018-05-26 00:00:00+00:00,2018-05-31 00:00:00+00:00,0.2156766728743907,-0.2010049536977346,2018,5,2,4,2018-05,5-4
2018-05-31 00:00:00+00:00,2018-06-05 00:00:00+00:00,0.19919404291487158,-0.17807728802451303,2018,5,2,5,2018-05,5-5
2018-06-05 00:00:00+00:00,2018-06-10 00:00:00+00:00,0.17844137998080972,-0.1513697503170356,2018,6,2,1,2018-06,6-1
2018-06-10 00:00:00+00:00,2018-06-15 00:00:00+00:00,0.27451373435405135,-0.25636507200378295,2018,6,2,1,2018-06,6-1
2018-06-15 00:00:00+00:00,2018-06-20 00:00:00+00:00,0.1641181893183572,-0.12651619300202752,2018,6,2,2,2018-06,6-2
2018-06-20 00:00:00+00:00,2018-06-25 00:00:00+00:00,0.44172270398936087,-0.4286493399900792,2018,6,2,3,2018-06,6-3
2018-06-25 00:00:00+00:00,2018-06-30 00:00:00+00:00,0.2092982520892117,-0.17320845293623346,2018,6,2,4,2018-06,6-4
2018-06-30 00:00:00+00:00,2018-07-05 00:00:00+00:00,0.40588766098468493,-0.3974199270289704,2018,6,2,4,2018-06,6-4
2018-07-05 00:00:00+00:00,2018-07-10 00:00:00+00:00,0.11770574767100166,-0.1003380231159445,2018,7,3,1,2018-07,7-1
2018-07-10 00:00:00+00:00,2018-07-15 00:00:00+00:00,0.14283137030022117,-0.11928328288077894,2018,7,3,2,2018-07,7-2
2018-07-15 00:00:00+00:00,2018-07-20 00:00:00+00:00,0.10093889459197646,-0.06495168102983988,2018,7,3,2,2018-07,7-2
2018-07-20 00:00:00+00:00,2018-07-25 00:00:00+00:00,0.1044323431997681,-0.06920576124551524,2018,7,3,3,2018-07,7-3
2018-07-25 00:00:00+00:00,2018-07-30 00:00:00+00:00,0.21237786657878646,-0.18565270144323856,2018,7,3,4,2018-07,7-4
2018-07-30 00:00:00+00:00,2018-08-04 00:00:00+00:00,0.18387090315265986,-0.14698330066735968,2018,7,3,5,2018-07,7-5
2018-08-04 00:00:00+00:00,2018-08-09 00:00:00+00:00,0.30183322030485676,-0.28574587305268917,2018,8,3,1,2018-08,8-1
2018-08-09 00:00:00+00:00,2018-08-14 00:00:00+00:00,0.20834793389847214,-0.17060309335475637,2018,8,3,2,2018-08,8-2
2018-08-14 00:00:00+00:00,2018-08-19 00:00:00+00:00,-0.0065718588159085056,0.03616500727246053,2018,8,3,3,2018-08,8-3
2018-08-19 00:00:00+00:00,2018-08-24 00:00:00+00:00,0.14845998177900835,-0.11161594833905245,2018,8,3,3,2018-08,8-3
2018-08-24 00:00:00+00:00,2018-08-29 00:00:00+00:00,0.03682835960020748,-0.0037372794010190865,2018,8,3,4,2018-08,8-4
2018-08-29 00:00:00+00:00,2018-09-03 00:00:00+00:00,0.4310205011218472,-0.40043316362927484,2018,8,3,5,2018-08,8-5
2018-09-03 00:00:00+00:00,2018-09-08 00:00:00+00:00,0.5028042594651104,-0.47133617602375927,2018,9,3,1,2018-09,9-1
2018-09-08 00:00:00+00:00,2018-09-13 00:00:00+00:00,0.38969868038376965,-0.3340068868335299,2018,9,3,1,2018-09,9-1
2018-09-13 00:00:00+00:00,2018-09-18 00:00:00+00:00,-0.02800123205256218,0.06026401625981986,2018,9,3,2,2018-09,9-2
2018-09-18 00:00:00+00:00,2018-09-23 00:00:00+00:00,0.35332946727242664,-0.2997861884048636,2018,9,3,3,2018-09,9-3
2018-09-23 00:00:00+00:00,2018-09-28 00:00:00+00:00,0.47622273904736406,-0.41360473191717584,2018,9,3,3,2018-09,9-3
2018-09-28 00:00:00+00:00,2018-10-03 00:00:00+00:00,0.33208567868626593,-0.27320194039052487,2018,9,3,4,2018-09,9-4
2018-10-03 00:00:00+00:00,2018-10-08 00:00:00+00:00,0.3756019316628269,-0.3062146759297211,2018,10,4,1,2018-10,10-1
2018-10-08 00:00:00+00:00,2018-10-13 00:00:00+00:00,0.3774137007875109,-0.3100910249519471,2018,10,4,2,2018-10,10-2
2018-10-13 00:00:00+00:00,2018-10-18 00:00:00+00:00,0.49116500536270535,-0.42086235357988944,2018,10,4,2,2018-10,10-2
2018-10-18 00:00:00+00:00,2018-10-23 00:00:00+00:00,0.4111546194874399,-0.33277578407678676,2018,10,4,3,2018-10,10-3
2018-10-23 00:00:00+00:00,2018-10-28 00:00:00+00:00,0.38571856504274504,-0.32060527666383126,2018,10,4,4,2018-10,10-4
2018-10-28 00:00:00+00:00,2018-11-02 00:00:00+00:00,0.5763171659208374,-0.5114500732829721,2018,10,4,4,2018-10,10-4
2018-11-02 00:00:00+00:00,2018-11-07 00:00:00+00:00,0.5569377289996698,-0.5119576006274531,2018,11,4,1,2018-11,11-1
2018-11-07 00:00:00+00:00,2018-11-12 00:00:00+00:00,0.4728988060546454,-0.4293039794824616,2018,11,4,2,2018-11,11-2
2018-11-12 00:00:00+00:00,2018-11-17 00:00:00+00:00,0.37589629172189004,-0.338263512163829,2018,11,4,3,2018-11,11-3
2018-11-17 00:00:00+00:00,2018-11-22 00:00:00+00:00,0.4466990427072624,-0.41970036722734166,2018,11,4,3,2018-11,11-3
2018-11-22 00:00:00+00:00,2018-11-27 00:00:00+00:00,0.4811913170315089,-0.4752822718738324,2018,11,4,4,2018-11,11-4
2018-11-27 00:00:00+00:00,2018-12-02 00:00:00+00:00,0.4738856776506553,-0.468054762604725,2018,11,4,5,2018-11,11-5
2018-12-02 00:00:00+00:00,2018-12-07 00:00:00+00:00,0.42012626158523253,-0.4241077117524889,2018,12,4,1,2018-12,12-1
2018-12-07 00:00:00+00:00,2018-12-12 00:00:00+00:00,0.37827561369443274,-0.37033134198066964,2018,12,4,2,2018-12,12-2
2018-12-12 00:00:00+00:00,2018-12-17 00:00:00+00:00,0.24953143394012847,-0.26060929301931557,2018,12,4,3,2018-12,12-3
2018-12-17 00:00:00+00:00,2018-12-22 00:00:00+00:00,0.40984053451688207,-0.4465260233173745,2018,12,4,4,2018-12,12-4
2018-12-22 00:00:00+00:00,2018-12-27 00:00:00+00:00,0.383433722401138,-0.4350658701245949,2018,12,4,4,2018-12,12-4
2018-12-27 00:00:00+00:00,2019-01-01 00:00:00+00:00,0.37998006946150326,-0.44001872208562187,2018,12,4,5,2018-12,12-5
2019-01-01 00:00:00+00:00,2019-01-06 00:00:00+00:00,0.1415332572935456,-0.1326562275264236,2019,1,1,1,2019-01,1-1
2019-01-06 00:00:00+00:00,2019-01-11 00:00:00+00:00,0.168588428826574,-0.16672548565204665,2019,1,1,1,2019-01,1-1
2019-01-11 00:00:00+00:00,2019-01-16 00:00:00+00:00,0.3170048850083307,-0.3768527476269233,2019,1,1,2,2019-01,1-2
2019-01-16 00:00:00+00:00,2019-01-21 00:00:00+00:00,0.31087167229582363,-0.38057112359944617,2019,1,1,3,2019-01,1-3
2019-01-21 00:00:00+00:00,2019-01-26 00:00:00+00:00,0.3085975041009168,-0.379777013074868,2019,1,1,4,2019-01,1-4
2019-01-26 00:00:00+00:00,2019-01-31 00:00:00+00:00,0.2756480675674655,-0.34651625210209736,2019,1,1,4,2019-01,1-4
2019-01-31 00:00:00+00:00,2019-02-05 00:00:00+00:00,0.2614319573126372,-0.34751709436227424,2019,1,1,5,2019-01,1-5
2019-02-05 00:00:00+00:00,2019-02-10 00:00:00+00:00,0.2717649285121968,-0.3651272942862485,2019,2,1,1,2019-02,2-1
2019-02-10 00:00:00+00:00,2019-02-15 00:00:00+00:00,0.2579048433854299,-0.3541856324187179,2019,2,1,1,2019-02,2-1
2019-02-15 00:00:00+00:00,2019-02-20 00:00:00+00:00,0.24207748656287956,-0.3338550521504017,2019,2,1,2,2019-02,2-2
2019-02-20 00:00:00+00:00,2019-02-25 00:00:00+00:00,0.0917815684799824,-0.10677451420532322,2019,2,1,3,2019-02,2-3
2019-02-25 00:00:00+00:00,2019-03-02 00:00:00+00:00,0.21709414246486725,-0.3030383506861117,2019,2,1,4,2019-02,2-4
2019-03-02 00:00:00+00:00,2019-03-07 00:00:00+00:00,0.22860818377069833,-0.3306683236141804,2019,3,1,1,2019-03,3-1
2019-03-07 00:00:00+00:00,2019-03-12 00:00:00+00:00,0.23351256611506221,-0.34788889117440314,2019,3,1,2,2019-03,3-2
2019-03-12 00:00:00+00:00,2019-03-17 00:00:00+00:00,0.1776552337815776,-0.25902225208877955,2019,3,1,3,2019-03,3-3
2019-03-17 00:00:00+00:00,2019-03-22 00:00:00+00:00,0.14009730685878866,-0.19197284333312387,2019,3,1,3,2019-03,3-3
2019-03-22 00:00:00+00:00,2019-03-27 00:00:00+00:00,0.003617816137590182,0.020016215131311514,2019,3,1,4,2019-03,3-4
2019-03-27 00:00:00+00:00,2019-04-01 00:00:00+00:00,0.226402011656324,-0.33562194504382853,2019,3,1,5,2019-03,3-5
2019-04-01 00:00:00+00:00,2019-04-06 00:00:00+00:00,0.15930050354586087,-0.21330978924826552,2019,4,2,1,2019-04,4-1
2019-04-06 00:00:00+00:00,2019-04-11 00:00:00+00:00,0.22944815387159379,-0.31767989512927564,2019,4,2,1,2019-04,4-1
2019-04-11 00:00:00+00:00,2019-04-16 00:00:00+00:00,0.1841146820410307,-0.2483821614634926,2019,4,2,2,2019-04,4-2
2019-04-16 00:00:00+00:00,2019-04-21 00:00:00+00:00,0.2423479396203254,-0.33351602014878046,2019,4,2,3,2019-04,4-3
2019-04-21 00:00:00+00:00,2019-04-26 00:00:00+00:00,0.21941349089095324,-0.287081603090974,2019,4,2,3,2019-04,4-3
2019-04-26 00:00:00+00:00,2019-05-01 00:00:00+00:00,0.26932698594700233,-0.3658952623559205,2019,4,2,4,2019-04,4-4
2019-05-01 00:00:00+00:00,2019-05-06 00:00:00+00:00,0.2463113899000233,-0.34169863923742955,2019,5,2,1,2019-05,5-1
2019-05-06 00:00:00+00:00,2019-05-11 00:00:00+00:00,0.01153706930898526,0.015468991037696198,2019,5,2,2,2019-05,5-2
2019-05-11 00:00:00+00:00,2019-05-16 00:00:00+00:00,0.1890150786965944,-0.222912332352989,2019,5,2,2,2019-05,5-2
2019-05-16 00:00:00+00:00,2019-05-21 00:00:00+00:00,0.297872562830384,-0.3611782124936051,2019,5,2,3,2019-05,5-3
2019-05-21 00:00:00+00:00,2019-05-26 00:00:00+00:00,0.04996565401931463,-0.033564007948342744,2019,5,2,4,2019-05,5-4
2019-05-26 00:00:00+00:00,2019-05-31 00:00:00+00:00,0.22742930853534352,-0.2540336666759596,2019,5,2,4,2019-05,5-4
2019-05-31 00:00:00+00:00,2019-06-05 00:00:00+00:00,0.3059701677590064,-0.3703798823116453,2019,5,2,5,2019-05,5-5
2019-06-05 00:00:00+00:00,2019-06-10 00:00:00+00:00,0.23727546387950188,-0.24582776463609,2019,6,2,1,2019-06,6-1
2019-06-10 00:00:00+00:00,2019-06-15 00:00:00+00:00,0.2539326050443229,-0.2472203717076777,2019,6,2,2,2019-06,6-2
2019-06-15 00:00:00+00:00,2019-06-20 00:00:00+00:00,0.1094810597283264,-0.08197843465861082,2019,6,2,2,2019-06,6-2
2019-06-20 00:00:00+00:00,2019-06-25 00:00:00+00:00,0.29316315146819183,-0.271746601727057,2019,6,2,3,2019-06,6-3
2019-06-25 00:00:00+00:00,2019-06-30 00:00:00+00:00,0.028015251716252586,0.002840349941886005,2019,6,2,4,2019-06,6-4
2019-06-30 00:00:00+00:00,2019-07-05 00:00:00+00:00,0.03364553883346086,-0.02366504228035897,2019,6,2,4,2019-06,6-4
2019-07-05 00:00:00+00:00,2019-07-10 00:00:00+00:00,0.4343394417968276,-0.4176222726205954,2019,7,3,1,2019-07,7-1
2019-07-10 00:00:00+00:00,2019-07-15 00:00:00+00:00,0.415240250368709,-0.41223484284329426,2019,7,3,2,2019-07,7-2
2019-07-15 00:00:00+00:00,2019-07-20 00:00:00+00:00,0.3230295182826328,-0.31686620677698923,2019,7,3,3,2019-07,7-3
2019-07-20 00:00:00+00:00,2019-07-25 00:00:00+00:00,0.1569493228484622,-0.13241712925445417,2019,7,3,3,2019-07,7-3
2019-07-25 00:00:00+00:00,2019-07-30 00:00:00+00:00,0.3258556055875251,-0.33081791037632546,2019,7,3,4,2019-07,7-4
2019-07-30 00:00:00+00:00,2019-08-04 00:00:00+00:00,0.12595991337003576,-0.10696730466384456,2019,7,3,5,2019-07,7-5
2019-08-04 00:00:00+00:00,2019-08-09 00:00:00+00:00,0.15012255891498202,-0.12411881883327339,2019,8,3,1,2019-08,8-1
2019-08-09 00:00:00+00:00,2019-08-14 00:00:00+00:00,0.25239684674982776,-0.2557262778990663,2019,8,3,2,2019-08,8-2
2019-08-14 00:00:00+00:00,2019-08-19 00:00:00+00:00,0.11095908252018888,-0.09977138939987237,2019,8,3,3,2019-08,8-3
2019-08-19 00:00:00+00:00,2019-08-24 00:00:00+00:00,0.15676521793238785,-0.14304069894875932,2019,8,3,4,2019-08,8-4
2019-08-24 00:00:00+00:00,2019-08-29 00:00:00+00:00,0.25150011096201214,-0.2393629496338989,2019,8,3,4,2019-08,8-4
2019-08-29 00:00:00+00:00,2019-09-03 00:00:00+00:00,0.0659172273947964,-0.0365888314874125,2019,8,3,5,2019-08,8-5
2019-09-03 00:00:00+00:00,2019-09-08 00:00:00+00:00,0.026680901173380775,0.007016598815759517,2019,9,3,1,2019-09,9-1
2019-09-08 00:00:00+00:00,2019-09-13 00:00:00+00:00,0.08546136520813433,-0.04823672366429085,2019,9,3,1,2019-09,9-1
2019-09-13 00:00:00+00:00,2019-09-18 00:00:00+00:00,0.30075320103654996,-0.2689190914693993,2019,9,3,2,2019-09,9-2
2019-09-18 00:00:00+00:00,2019-09-23 00:00:00+00:00,-0.0023339555308527883,0.030136548319976288,2019,9,3,3,2019-09,9-3
2019-09-23 00:00:00+00:00,2019-09-28 00:00:00+00:00,0.4086376101728317,-0.35694039418646445,2019,9,3,4,2019-09,9-4
2019-09-28 00:00:00+00:00,2019-10-03 00:00:00+00:00,0.3159376588247213,-0.2542382987285104,2019,9,3,4,2019-09,9-4
2019-10-03 00:00:00+00:00,2019-10-08 00:00:00+00:00,0.035413955564997934,0.004165536498866784,2019,10,4,1,2019-10,10-1
2019-10-08 00:00:00+00:00,2019-10-13 00:00:00+00:00,0.40453691378064294,-0.337386665841313,2019,10,4,2,2019-10,10-2
2019-10-13 00:00:00+00:00,2019-10-18 00:00:00+00:00,0.1801027301282325,-0.1324391664742517,2019,10,4,2,2019-10,10-2
2019-10-18 00:00:00+00:00,2019-10-23 00:00:00+00:00,0.4996434860892389,-0.43288986972852983,2019,10,4,3,2019-10,10-3
2019-10-23 00:00:00+00:00,2019-10-28 00:00:00+00:00,0.5063234386783574,-0.4331163108971004,2019,10,4,4,2019-10,10-4
2019-10-28 00:00:00+00:00,2019-11-02 00:00:00+00:00,0.18257997902526452,-0.13542031366687365,2019,10,4,5,2019-10,10-5
2019-11-02 00:00:00+00:00,2019-11-07 00:00:00+00:00,0.567336033464256,-0.49516295780073594,2019,11,4,1,2019-11,11-1
2019-11-07 00:00:00+00:00,2019-11-12 00:00:00+00:00,0.571539089588525,-0.5169159740489316,2019,11,4,2,2019-11,11-2
2019-11-12 00:00:00+00:00,2019-11-17 00:00:00+00:00,0.5434950024355197,-0.49776656566335564,2019,11,4,3,2019-11,11-3
2019-11-17 00:00:00+00:00,2019-11-22 00:00:00+00:00,0.5253915469939624,-0.5010029548246215,2019,11,4,3,2019-11,11-3
2019-11-22 00:00:00+00:00,2019-11-27 00:00:00+00:00,0.4653333288460595,-0.45155444376872683,2019,11,4,4,2019-11,11-4
2019-11-27 00:00:00+00:00,2019-12-02 00:00:00+00:00,0.3509054096318392,-0.3440090998332478,2019,11,4,5,2019-11,11-5
2019-12-02 00:00:00+00:00,2019-12-07 00:00:00+00:00,0.19134764272836383,-0.18112028831865198,2019,12,4,1,2019-12,12-1
2019-12-07 00:00:00+00:00,2019-12-12 00:00:00+00:00,0.43509521273398516,-0.4747775972507407,2019,12,4,1,2019-12,12-1
2019-12-12 00:00:00+00:00,2019-12-17 00:00:00+00:00,0.4045159366936818,-0.4549887612068714,2019,12,4,2,2019-12,12-2
2019-12-17 00:00:00+00:00,2019-12-22 00:00:00+00:00,0.165393272865521,-0.1623372804784073,2019,12,4,3,2019-12,12-3
2019-12-22 00:00:00+00:00,2019-12-27 00:00:00+00:00,0.35978729379307617,-0.41269350698768376,2019,12,4,3,2019-12,12-3
2019-12-27 00:00:00+00:00,2020-01-01 00:00:00+00:00,0.35603295287543824,-0.4251589851554587,2019,12,4,4,2019-12,12-4
2020-01-01 00:00:00+00:00,2020-01-06 00:00:00+00:00,0.32908497331834574,-0.39259001397062093,2020,1,1,1,2020-01,1-1
2020-01-06 00:00:00+00:00,2020-01-11 00:00:00+00:00,0.30820084452114777,-0.37759099006366903,2020,1,1,2,2020-01,1-2
2020-01-11 00:00:00+00:00,2020-01-16 00:00:00+00:00,0.313360059420241,-0.3813564985693847,2020,1,1,2,2020-01,1-2
2020-01-16 00:00:00+00:00,2020-01-21 00:00:00+00:00,0.2742217907984297,-0.3355618891875725,2020,1,1,3,2020-01,1-3
2020-01-21 00:00:00+00:00,2020-01-26 00:00:00+00:00,0.188069802127814,-0.21697126460160487,2020,1,1,4,2020-01,1-4
2020-01-26 00:00:00+00:00,2020-01-31 00:00:00+00:00,0.2901328222222912,-0.3753533816212595,2020,1,1,4,2020-01,1-4
2020-01-31 00:00:00+00:00,2020-02-05 00:00:00+00:00,0.2561613673299198,-0.3161473691324823,2020,1,1,5,2020-01,1-5
2020-02-05 00:00:00+00:00,2020-02-10 00:00:00+00:00,0.26853784352737253,-0.3583512879169654,2020,2,1,1,2020-02,2-1
2020-02-10 00:00:00+00:00,2020-02-15 00:00:00+00:00,0.17146970601521117,-0.21563324053041844,2020,2,1,2,2020-02,2-2
2020-02-15 00:00:00+00:00,2020-02-20 00:00:00+00:00,0.1553938351282774,-0.19162145203900324,2020,2,1,2,2020-02,2-2
2020-02-20 00:00:00+00:00,2020-02-25 00:00:00+00:00,0.2360093781094052,-0.3283486574717144,2020,2,1,3,2020-02,2-3
2020-02-25 00:00:00+00:00,2020-03-01 00:00:00+00:00,0.2022350106453198,-0.29265540188684774,2020,2,1,4,2020-02,2-4
2020-03-01 00:00:00+00:00,2020-03-06 00:00:00+00:00,0.06842594627866541,-0.07727866350569261,2020,3,1,1,2020-03,3-1
2020-03-06 00:00:00+00:00,2020-03-11 00:00:00+00:00,0.2394263373196287,-0.3571996873991634,2020,3,1,2,2020-03,3-2
2020-03-11 00:00:00+00:00,2020-03-16 00:00:00+00:00,0.2112000907535841,-0.31178880973062495,2020,3,1,3,2020-03,3-3
2020-03-16 00:00:00+00:00,2020-03-21 00:00:00+00:00,0.1392177247094109,-0.18971122510244148,2020,3,1,4,2020-03,3-4
2020-03-21 00:00:00+00:00,2020-03-26 00:00:00+00:00,0.18114567811704918,-0.2531145268316529,2020,3,1,4,2020-03,3-4
2020-03-26 00:00:00+00:00,2020-03-31 00:00:00+00:00,0.21447635889758207,-0.3256106229286324,2020,3,1,5,2020-03,3-5
2020-03-31 00:00:00+00:00,2020-04-05 00:00:00+00:00,0.2139367361909943,-0.3140345136398855,2020,3,1,6,2020-03,3-6
2020-04-05 00:00:00+00:00,2020-04-10 00:00:00+00:00,0.19818134769251047,-0.3033637751312551,2020,4,2,1,2020-04,4-1
2020-04-10 00:00:00+00:00,2020-04-15 00:00:00+00:00,0.06798249830404737,-0.07497612871241159,2020,4,2,2,2020-04,4-2
2020-04-15 00:00:00+00:00,2020-04-20 00:00:00+00:00,0.11878801795172594,-0.16349091697313134,2020,4,2,3,2020-04,4-3
2020-04-20 00:00:00+00:00,2020-04-25 00:00:00+00:00,0.16405899676793198,-0.22903731932391572,2020,4,2,4,2020-04,4-4
2020-04-25 00:00:00+00:00,2020-04-30 00:00:00+00:00,0.17397924796493947,-0.25130600864750247,2020,4,2,4,2020-04,4-4
2020-04-30 00:00:00+00:00,2020-05-05 00:00:00+00:00,0.08920260716879806,-0.1124037946372377,2020,4,2,5,2020-04,4-5
2020-05-05 00:00:00+00:00,2020-05-10 00:00:00+00:00,0.09754895316188993,-0.13114283697049542,2020,5,2,1,2020-05,5-1
2020-05-10 00:00:00+00:00,2020-05-15 00:00:00+00:00,0.1891878954860736,-0.2575201456899507,2020,5,2,1,2020-05,5-1
2020-05-15 00:00:00+00:00,2020-05-20 00:00:00+00:00,0.2044368393310786,-0.298197526054638,2020,5,2,2,2020-05,5-2
2020-05-20 00:00:00+00:00,2020-05-25 00:00:00+00:00,0.10851251582908045,-0.14683420234280392,2020,5,2,3,2020-05,5-3
2020-05-25 00:00:00+00:00,2020-05-30 00:00:00+00:00,0.1566340444038654,-0.1957512496243013,2020,5,2,4,2020-05,5-4
2020-05-30 00:00:00+00:00,2020-06-04 00:00:00+00:00,0.18495809702500504,-0.23329166400330048,2020,5,2,4,2020-05,5-4
2020-06-04 00:00:00+00:00,2020-06-09 00:00:00+00:00,0.24274289871333646,-0.2817873339554929,2020,6,2,1,2020-06,6-1
2020-06-09 00:00:00+00:00,2020-06-14 00:00:00+00:00,0.23365153039603953,-0.2707060045947712,2020,6,2,2,2020-06,6-2
2020-06-14 00:00:00+00:00,2020-06-19 00:00:00+00:00,0.11652371649870874,-0.10118708277986897,2020,6,2,2,2020-06,6-2
2020-06-19 00:00:00+00:00,2020-06-24 00:00:00+00:00,0.3292547934669096,-0.35400479153836606,2020,6,2,3,2020-06,6-3
2020-06-24 00:00:00+00:00,2020-06-29 00:00:00+00:00,0.34866274984900364,-0.3813068906572579,2020,6,2,4,2020-06,6-4
2020-06-29 00:00:00+00:00,2020-07-04 00:00:00+00:00,0.3082955017799957,-0.3252860441951521,2020,6,2,5,2020-06,6-5
2020-07-04 00:00:00+00:00,2020-07-09 00:00:00+00:00,0.3431162599831191,-0.3485974622721199,2020,7,3,1,2020-07,7-1
2020-07-09 00:00:00+00:00,2020-07-14 00:00:00+00:00,0.2498541006200682,-0.24298387178466582,2020,7,3,2,2020-07,7-2
2020-07-14 00:00:00+00:00,2020-07-19 00:00:00+00:00,0.3379673294666685,-0.33175545896598463,2020,7,3,3,2020-07,7-3
2020-07-19 00:00:00+00:00,2020-07-24 00:00:00+00:00,0.19492129971799424,-0.16787253431428717,2020,7,3,3,2020-07,7-3
2020-07-24 00:00:00+00:00,2020-07-29 00:00:00+00:00,0.3943124773146672,-0.4025454845643063,2020,7,3,4,2020-07,7-4
2020-07-29 00:00:00+00:00,2020-08-03 00:00:00+00:00,0.09147183290308511,-0.0618995211694837,2020,7,3,5,2020-07,7-5
2020-08-03 00:00:00+00:00,2020-08-08 00:00:00+00:00,0.35377253831826294,-0.3502637070108125,2020,8,3,1,2020-08,8-1
2020-08-08 00:00:00+00:00,2020-08-13 00:00:00+00:00,0.40990836548067117,-0.3865895246505036,2020,8,3,1,2020-08,8-1
2020-08-13 00:00:00+00:00,2020-08-18 00:00:00+00:00,0.26121996882758886,-0.22488630020251887,2020,8,3,2,2020-08,8-2
2020-08-18 00:00:00+00:00,2020-08-23 00:00:00+00:00,0.34197652663864736,-0.29975453842281785,2020,8,3,3,2020-08,8-3
2020-08-23 00:00:00+00:00,2020-08-28 00:00:00+00:00,0.5343307487341079,-0.49780354430946744,2020,8,3,3,2020-08,8-3
2020-08-28 00:00:00+00:00,2020-09-02 00:00:00+00:00,0.5024977878222893,-0.462143589237921,2020,8,3,4,2020-08,8-4
2020-09-02 00:00:00+00:00,2020-09-07 00:00:00+00:00,0.47387125510581746,-0.4265996005867194,2020,9,3,1,2020-09,9-1
2020-09-07 00:00:00+00:00,2020-09-12 00:00:00+00:00,0.3700868191252475,-0.3181906619727556,2020,9,3,2,2020-09,9-2
2020-09-12 00:00:00+00:00,2020-09-17 00:00:00+00:00,0.1819413484735617,-0.144654922564875,2020,9,3,2,2020-09,9-2
2020-09-17 00:00:00+00:00,2020-09-22 00:00:00+00:00,0.025788897083278573,-0.01286130832472505,2020,9,3,3,2020-09,9-3
2020-09-22 00:00:00+00:00,2020-09-27 00:00:00+00:00,0.4055759690144579,-0.3547220956797406,2020,9,3,4,2020-09,9-4
2020-09-27 00:00:00+00:00,2020-10-02 00:00:00+00:00,0.11791277642019744,-0.07855351592596899,2020,9,3,4,2020-09,9-4
2020-10-02 00:00:00+00:00,2020-10-07 00:00:00+00:00,-0.02149884762784556,0.0492578481161285,2020,10,4,1,2020-10,10-1
2020-10-07 00:00:00+00:00,2020-10-12 00:00:00+00:00,0.0023169585514199653,0.027858978933390573,2020,10,4,2,2020-10,10-2
2020-10-12 00:00:00+00:00,2020-10-17 00:00:00+00:00,0.16120750108207038,-0.11543846887700465,2020,10,4,3,2020-10,10-3
2020-10-17 00:00:00+00:00,2020-10-22 00:00:00+00:00,0.22462431494491403,-0.1459726644439878,2020,10,4,3,2020-10,10-3
2020-10-22 00:00:00+00:00,2020-10-27 00:00:00+00:00,0.16652895255118372,-0.11468584982110767,2020,10,4,4,2020-10,10-4
2020-10-27 00:00:00+00:00,2020-11-01 00:00:00+00:00,0.2779105964126431,-0.1895549251039483,2020,10,4,5,2020-10,10-5
2020-11-01 00:00:00+00:00,2020-11-06 00:00:00+00:00,0.37144191343644745,-0.30364136980183326,2020,11,4,1,2020-11,11-1
2020-11-06 00:00:00+00:00,2020-11-11 00:00:00+00:00,0.4895918328333484,-0.4138513729978853,2020,11,4,2,2020-11,11-2
2020-11-11 00:00:00+00:00,2020-11-16 00:00:00+00:00,0.4361369926546507,-0.38780619399375016,2020,11,4,3,2020-11,11-3
2020-11-16 00:00:00+00:00,2020-11-21 00:00:00+00:00,0.45502829909002407,-0.42661039066397255,2020,11,4,4,2020-11,11-4
2020-11-21 00:00:00+00:00,2020-11-26 00:00:00+00:00,0.44372555483935067,-0.43099477487650634,2020,11,4,4,2020-11,11-4
2020-11-26 00:00:00+00:00,2020-12-01 00:00:00+00:00,0.20994491450277117,-0.18706422308489748,2020,11,4,5,2020-11,11-5
2020-12-01 00:00:00+00:00,2020-12-06 00:00:00+00:00,0.25496324902431555,-0.2573724085696516,2020,12,4,1,2020-12,12-1
2020-12-06 00:00:00+00:00,2020-12-11 00:00:00+00:00,0.4133155364340925,-0.44809621123299176,2020,12,4,1,2020-12,12-1
2020-12-11 00:00:00+00:00,2020-12-16 00:00:00+00:00,0.13879246918472699,-0.11858868799189398,2020,12,4,2,2020-12,12-2
2020-12-16 00:00:00+00:00,2020-12-21 00:00:00+00:00,0.33984316585033747,-0.37151977016153437,2020,12,4,3,2020-12,12-3
2020-12-21 00:00:00+00:00,2020-12-26 00:00:00+00:00,0.30907628318505137,-0.34678820799140186,2020,12,4,4,2020-12,12-4
2020-12-26 00:00:00+00:00,2020-12-31 00:00:00+00:00,0.3484519940423802,-0.38952944364170705,2020,12,4,4,2020-12,12-4
2020-12-31 00:00:00+00:00,2021-01-05 00:00:00+00:00,0.3540334005264899,-0.4137491828197627,2020,12,4,5,2020-12,12-5
2021-01-05 00:00:00+00:00,2021-01-10 00:00:00+00:00,0.29393247187219523,-0.32910494539099894,2021,1,1,1,2021-01,1-1
2021-01-10 00:00:00+00:00,2021-01-15 00:00:00+00:00,0.3524153877334105,-0.4183113725738599,2021,1,1,1,2021-01,1-1
2021-01-15 00:00:00+00:00,2021-01-20 00:00:00+00:00,0.33377877210179135,-0.391723116124064,2021,1,1,2,2021-01,1-2
2021-01-20 00:00:00+00:00,2021-01-25 00:00:00+00:00,0.3263031856605984,-0.38984767462904274,2021,1,1,3,2021-01,1-3
2021-01-25 00:00:00+00:00,2021-01-30 00:00:00+00:00,0.2742742804972396,-0.30725866008672537,2021,1,1,4,2021-01,1-4
2021-01-30 00:00:00+00:00,2021-02-04 00:00:00+00:00,0.3017770320733672,-0.3568615045532497,2021,1,1,4,2021-01,1-4
2021-02-04 00:00:00+00:00,2021-02-09 00:00:00+00:00,0.2974027891699892,-0.3429309420058007,2021,2,1,1,2021-02,2-1
2021-02-09 00:00:00+00:00,2021-02-14 00:00:00+00:00,0.34467470703016345,-0.4255809355751874,2021,2,1,2,2021-02,2-2
2021-02-14 00:00:00+00:00,2021-02-19 00:00:00+00:00,0.289219814476652,-0.3428439303962166,2021,2,1,2,2021-02,2-2
2021-02-19 00:00:00+00:00,2021-02-24 00:00:00+00:00,0.31491577810048954,-0.39453326771512204,2021,2,1,3,2021-02,2-3
2021-02-24 00:00:00+00:00,2021-03-01 00:00:00+00:00,0.30840554380551227,-0.3914012904517402,2021,2,1,4,2021-02,2-4
2021-03-01 00:00:00+00:00,2021-03-06 00:00:00+00:00,0.14594529146232563,-0.15131076637680374,2021,3,1,1,2021-03,3-1
2021-03-06 00:00:00+00:00,2021-03-11 00:00:00+00:00,0.18015023088858437,-0.1932193230424597,2021,3,1,1,2021-03,3-1
2021-03-11 00:00:00+00:00,2021-03-16 00:00:00+00:00,0.23334887595257467,-0.28575046366173285,2021,3,1,2,2021-03,3-2
2021-03-16 00:00:00+00:00,2021-03-21 00:00:00+00:00,0.12862702079915575,-0.10144916985050906,2021,3,1,3,2021-03,3-3
2021-03-21 00:00:00+00:00,2021-03-26 00:00:00+00:00,0.2690699287769442,-0.36892041000487086,2021,3,1,3,2021-03,3-3
2021-03-26 00:00:00+00:00,2021-03-31 00:00:00+00:00,0.22658473671658086,-0.3118421273767958,2021,3,1,4,2021-03,3-4
2021-03-31 00:00:00+00:00,2021-04-05 00:00:00+00:00,0.04259045412148944,-0.04155080113890333,2021,3,1,5,2021-03,3-5
2021-04-05 00:00:00+00:00,2021-04-10 00:00:00+00:00,0.1426602802085507,-0.16557027418465986,2021,4,2,1,2021-04,4-1
2021-04-10 00:00:00+00:00,2021-04-15 00:00:00+00:00,0.0586564273339895,-0.053431023263703616,2021,4,2,1,2021-04,4-1
2021-04-15 00:00:00+00:00,2021-04-20 00:00:00+00:00,0.33587712554694865,-0.3957507699625949,2021,4,2,2,2021-04,4-2
2021-04-20 00:00:00+00:00,2021-04-25 00:00:00+00:00,0.17792256536936482,-0.21071745875064574,2021,4,2,3,2021-04,4-3
2021-04-25 00:00:00+00:00,2021-04-30 00:00:00+00:00,0.14076807622036963,-0.1464680436092175,2021,4,2,3,2021-04,4-3
2021-04-30 00:00:00+00:00,2021-05-05 00:00:00+00:00,0.26522023017190094,-0.30135804683108175,2021,4,2,4,2021-04,4-4
2021-05-05 00:00:00+00:00,2021-05-10 00:00:00+00:00,0.31887702627354003,-0.36113709394685467,2021,5,2,1,2021-05,5-1
2021-05-10 00:00:00+00:00,2021-05-15 00:00:00+00:00,0.2941918628049737,-0.330779519444049,2021,5,2,2,2021-05,5-2
2021-05-15 00:00:00+00:00,2021-05-20 00:00:00+00:00,0.08075409130914443,-0.061531996163389044,2021,5,2,2,2021-05,5-2
2021-05-20 00:00:00+00:00,2021-05-25 00:00:00+00:00,0.31333606447970774,-0.3485689444131652,2021,5,2,3,2021-05,5-3
2021-05-25 00:00:00+00:00,2021-05-30 00:00:00+00:00,0.09061615193277159,-0.06500109101861253,2021,5,2,4,2021-05,5-4
2021-05-30 00:00:00+00:00,2021-06-04 00:00:00+00:00,0.35973362427209754,-0.37413597887571737,2021,5,2,4,2021-05,5-4
2021-06-04 00:00:00+00:00,2021-06-09 00:00:00+00:00,0.12023204119473199,-0.09934915654527153,2021,6,2,1,2021-06,6-1
2021-06-09 00:00:00+00:00,2021-06-14 00:00:00+00:00,0.009705188458211276,-0.012810706066211338,2021,6,2,2,2021-06,6-2
2021-06-14 00:00:00+00:00,2021-06-19 00:00:00+00:00,0.30719500674453243,-0.29049173847634896,2021,6,2,3,2021-06,6-3
2021-06-19 00:00:00+00:00,2021-06-24 00:00:00+00:00,0.40214132086952215,-0.4044641530628502,2021,6,2,3,2021-06,6-3
2021-06-24 00:00:00+00:00,2021-06-29 00:00:00+00:00,0.448355052590805,-0.46258840253337624,2021,6,2,4,2021-06,6-4
2021-06-29 00:00:00+00:00,2021-07-04 00:00:00+00:00,0.4396996640088831,-0.450132407052908,2021,6,2,5,2021-06,6-5
2021-07-04 00:00:00+00:00,2021-07-09 00:00:00+00:00,0.10462347817398152,-0.07283905566952707,2021,7,3,1,2021-07,7-1
2021-07-09 00:00:00+00:00,2021-07-14 00:00:00+00:00,0.26523084499239663,-0.234715349615867,2021,7,3,2,2021-07,7-2
2021-07-14 00:00:00+00:00,2021-07-19 00:00:00+00:00,0.4638340731850166,-0.4470965771590653,2021,7,3,3,2021-07,7-3
2021-07-19 00:00:00+00:00,2021-07-24 00:00:00+00:00,0.32332921694815936,-0.29892897411468716,2021,7,3,4,2021-07,7-4
2021-07-24 00:00:00+00:00,2021-07-29 00:00:00+00:00,0.299261380005944,-0.26726488232958723,2021,7,3,4,2021-07,7-4
2021-07-29 00:00:00+00:00,2021-08-03 00:00:00+00:00,0.33768062167299223,-0.317688787728376,2021,7,3,5,2021-07,7-5
2021-08-03 00:00:00+00:00,2021-08-08 00:00:00+00:00,0.23399624403071648,-0.2086925800305439,2021,8,3,1,2021-08,8-1
2021-08-08 00:00:00+00:00,2021-08-13 00:00:00+00:00,0.2278367020603395,-0.20623268804131067,2021,8,3,1,2021-08,8-1
2021-08-13 00:00:00+00:00,2021-08-18 00:00:00+00:00,0.3972910053121612,-0.39026147892257773,2021,8,3,2,2021-08,8-2
2021-08-18 00:00:00+00:00,2021-08-23 00:00:00+00:00,0.36018316395364136,-0.3518178896595433,2021,8,3,3,2021-08,8-3
2021-08-23 00:00:00+00:00,2021-08-28 00:00:00+00:00,0.07772307029976155,-0.049886246051698585,2021,8,3,4,2021-08,8-4
2021-08-28 00:00:00+00:00,2021-09-02 00:00:00+00:00,0.2094437292343095,-0.17795317884837067,2021,8,3,4,2021-08,8-4
2021-09-02 00:00:00+00:00,2021-09-07 00:00:00+00:00,0.15887588298234268,-0.12070947999101972,2021,9,3,1,2021-09,9-1
2021-09-07 00:00:00+00:00,2021-09-12 00:00:00+00:00,0.07027501447203235,-0.03702101300129812,2021,9,3,2,2021-09,9-2
2021-09-12 00:00:00+00:00,2021-09-17 00:00:00+00:00,0.023440221284285263,0.014105792549273735,2021,9,3,2,2021-09,9-2
2021-09-17 00:00:00+00:00,2021-09-22 00:00:00+00:00,0.012184577840222685,-0.005977022691945039,2021,9,3,3,2021-09,9-3
2021-09-22 00:00:00+00:00,2021-09-27 00:00:00+00:00,-0.006855017958203276,0.04363718990863471,2021,9,3,4,2021-09,9-4
2021-09-27 00:00:00+00:00,2021-10-02 00:00:00+00:00,0.19034166309797892,-0.13515774008359915,2021,9,3,5,2021-09,9-5
2021-10-02 00:00:00+00:00,2021-10-07 00:00:00+00:00,0.3039664148536261,-0.22314333517262605,2021,10,4,1,2021-10,10-1
2021-10-07 00:00:00+00:00,2021-10-12 00:00:00+00:00,0.38983745990381796,-0.3116273505875728,2021,10,4,2,2021-10,10-2
2021-10-12 00:00:00+00:00,2021-10-17 00:00:00+00:00,0.011490109654388254,0.024552231089896577,2021,10,4,3,2021-10,10-3
2021-10-17 00:00:00+00:00,2021-10-22 00:00:00+00:00,0.0979268709580412,-0.06529785008678633,2021,10,4,3,2021-10,10-3
2021-10-22 00:00:00+00:00,2021-10-27 00:00:00+00:00,0.41963507145883344,-0.3386431951372087,2021,10,4,4,2021-10,10-4
2021-10-27 00:00:00+00:00,2021-11-01 00:00:00+00:00,0.36057447904119816,-0.26962684896683464,2021,10,4,5,2021-10,10-5
2021-11-01 00:00:00+00:00,2021-11-06 00:00:00+00:00,0.34723879513068384,-0.273439394811169,2021,11,4,1,2021-11,11-1
2021-11-06 00:00:00+00:00,2021-11-11 00:00:00+00:00,,,2021,11,4,1,2021-11,11-1
2021-11-11 00:00:00+00:00,2021-11-16 00:00:00+00:00,0.2644525994883014,-0.20817253212257908,2021,11,4,2,2021-11,11-2
2021-11-16 00:00:00+00:00,2021-11-21 00:00:00+00:00,0.4023024006224438,-0.3517148009354451,2021,11,4,3,2021-11,11-3
2021-11-21 00:00:00+00:00,2021-11-26 00:00:00+00:00,0.36986782572850263,-0.3373037050883863,2021,11,4,3,2021-11,11-3
2021-11-26 00:00:00+00:00,2021-12-01 00:00:00+00:00,0.09868000999741539,-0.07110826242230928,2021,11,4,4,2021-11,11-4
2021-12-01 00:00:00+00:00,2021-12-06 00:00:00+00:00,0.35290764092037036,-0.3515141108677065,2021,12,4,1,2021-12,12-1
2021-12-06 00:00:00+00:00,2021-12-11 00:00:00+00:00,0.23271977096665794,-0.23541823505716147,2021,12,4,2,2021-12,12-2
2021-12-11 00:00:00+00:00,2021-12-16 00:00:00+00:00,0.42179719539912963,-0.46688410800856506,2021,12,4,2,2021-12,12-2
2021-12-16 00:00:00+00:00,2021-12-21 00:00:00+00:00,0.32148608566369113,-0.3515294045348521,2021,12,4,3,2021-12,12-3
2021-12-21 00:00:00+00:00,2021-12-26 00:00:00+00:00,0.15505987164589666,-0.14654411139953924,2021,12,4,4,2021-12,12-4
2021-12-26 00:00:00+00:00,2021-12-31 00:00:00+00:00,0.29890376131589225,-0.3366423602256047,2021,12,4,4,2021-12,12-4
2021-12-31 00:00:00+00:00,2022-01-05 00:00:00+00:00,0.3596008375813121,-0.41604402479619146,2021,12,4,5,2021-12,12-5
2022-01-05 00:00:00+00:00,2022-01-10 00:00:00+00:00,0.36554030925177217,-0.4248194908854992,2022,1,1,1,2022-01,1-1
2022-01-10 00:00:00+00:00,2022-01-15 00:00:00+00:00,0.3683917831360211,-0.4251002906095345,2022,1,1,2,2022-01,1-2
2022-01-15 00:00:00+00:00,2022-01-20 00:00:00+00:00,0.3399685186265943,-0.3936802787217727,2022,1,1,2,2022-01,1-2
2022-01-20 00:00:00+00:00,2022-01-25 00:00:00+00:00,0.18217531482447136,-0.18560085091391643,2022,1,1,3,2022-01,1-3
2022-01-25 00:00:00+00:00,2022-01-30 00:00:00+00:00,0.32268818820507267,-0.3747926541342197,2022,1,1,4,2022-01,1-4
2022-01-30 00:00:00+00:00,2022-02-04 00:00:00+00:00,0.08215007421700662,-0.06969104154244844,2022,1,1,4,2022-01,1-4
2022-02-04 00:00:00+00:00,2022-02-09 00:00:00+00:00,0.3176842495445979,-0.3720985556588932,2022,2,1,1,2022-02,2-1
2022-02-09 00:00:00+00:00,2022-02-14 00:00:00+00:00,0.10641260981715482,-0.07413696304077452,2022,2,1,2,2022-02,2-2
2022-02-14 00:00:00+00:00,2022-02-19 00:00:00+00:00,0.12225771317038882,-0.10553435691034654,2022,2,1,3,2022-02,2-3
2022-02-19 00:00:00+00:00,2022-02-24 00:00:00+00:00,0.015806066556214225,0.006375200395427327,2022,2,1,3,2022-02,2-3
2022-02-24 00:00:00+00:00,2022-03-01 00:00:00+00:00,0.3087446019634604,-0.351482914767827,2022,2,1,4,2022-02,2-4
2022-03-01 00:00:00+00:00,2022-03-06 00:00:00+00:00,0.305388148304896,-0.35305283739844057,2022,3,1,1,2022-03,3-1
2022-03-06 00:00:00+00:00,2022-03-11 00:00:00+00:00,0.1749074036498622,-0.18443819613046716,2022,3,1,1,2022-03,3-1
2022-03-11 00:00:00+00:00,2022-03-16 00:00:00+00:00,0.24900758142887727,-0.2891201722388882,2022,3,1,2,2022-03,3-2
2022-03-16 00:00:00+00:00,2022-03-21 00:00:00+00:00,0.14997030641394246,-0.16528000115043537,2022,3,1,3,2022-03,3-3
2022-03-21 00:00:00+00:00,2022-03-26 00:00:00+00:00,0.21612812405240467,-0.24789381270966096,2022,3,1,4,2022-03,3-4
2022-03-26 00:00:00+00:00,2022-03-31 00:00:00+00:00,0.2237582411938509,-0.2537605974040968,2022,3,1,4,2022-03,3-4
2022-03-31 00:00:00+00:00,2022-04-05 00:00:00+00:00,0.1364118065187559,-0.13544036521217379,2022,3,1,5,2022-03,3-5
2022-04-05 00:00:00+00:00,2022-04-10 00:00:00+00:00,0.12363721372645912,-0.15529654378221974,2022,4,2,1,2022-04,4-1
2022-04-10 00:00:00+00:00,2022-04-15 00:00:00+00:00,0.3090222437926364,-0.36803035489929314,2022,4,2,1,2022-04,4-1
2022-04-15 00:00:00+00:00,2022-04-20 00:00:00+00:00,0.05865684972326855,-0.04538753296350255,2022,4,2,2,2022-04,4-2
2022-04-20 00:00:00+00:00,2022-04-25 00:00:00+00:00,0.29048746065130215,-0.3386423968826554,2022,4,2,3,2022-04,4-3
2022-04-25 00:00:00+00:00,2022-04-30 00:00:00+00:00,0.2119774059197689,-0.25292349272035275,2022,4,2,4,2022-04,4-4
2022-04-30 00:00:00+00:00,2022-05-05 00:00:00+00:00,-0.07569264361199314,0.09504505490629857,2022,4,2,4,2022-04,4-4
2022-05-05 00:00:00+00:00,2022-05-10 00:00:00+00:00,-0.013548608771705611,0.04183489049419515,2022,5,2,1,2022-05,5-1
2022-05-10 00:00:00+00:00,2022-05-15 00:00:00+00:00,0.27928094177834545,-0.288441562535791,2022,5,2,2,2022-05,5-2
2022-05-15 00:00:00+00:00,2022-05-20 00:00:00+00:00,0.1896540293840837,-0.18413812796672765,2022,5,2,2,2022-05,5-2
2022-05-20 00:00:00+00:00,2022-05-25 00:00:00+00:00,0.2058295048996832,-0.19388200617796156,2022,5,2,3,2022-05,5-3
2022-05-25 00:00:00+00:00,2022-05-30 00:00:00+00:00,0.23650920840486167,-0.23318336874518172,2022,5,2,4,2022-05,5-4
2022-05-30 00:00:00+00:00,2022-06-04 00:00:00+00:00,0.27936369971535674,-0.27250273772868955,2022,5,2,5,2022-05,5-5
2022-06-04 00:00:00+00:00,2022-06-09 00:00:00+00:00,0.2830993633104786,-0.2730309362843729,2022,6,2,1,2022-06,6-1
2022-06-09 00:00:00+00:00,2022-06-14 00:00:00+00:00,0.349256736626784,-0.35380497463462296,2022,6,2,2,2022-06,6-2
2022-06-14 00:00:00+00:00,2022-06-19 00:00:00+00:00,0.37052568049545076,-0.3859456648367174,2022,6,2,3,2022-06,6-3
2022-06-19 00:00:00+00:00,2022-06-24 00:00:00+00:00,0.3331962420221725,-0.34480947464487266,2022,6,2,3,2022-06,6-3
2022-06-24 00:00:00+00:00,2022-06-29 00:00:00+00:00,0.34776110691179174,-0.3534559771919837,2022,6,2,4,2022-06,6-4
2022-06-29 00:00:00+00:00,2022-07-04 00:00:00+00:00,0.11291863722054543,-0.09647671225687952,2022,6,2,5,2022-06,6-5
2022-07-04 00:00:00+00:00,2022-07-09 00:00:00+00:00,0.17242068781379222,-0.1550581456154401,2022,7,3,1,2022-07,7-1
2022-07-09 00:00:00+00:00,2022-07-14 00:00:00+00:00,0.05831813696066165,-0.04625497870035409,2022,7,3,1,2022-07,7-1
2022-07-14 00:00:00+00:00,2022-07-19 00:00:00+00:00,0.2194586694053972,-0.19843729224714368,2022,7,3,2,2022-07,7-2
2022-07-19 00:00:00+00:00,2022-07-24 00:00:00+00:00,0.25560071150199953,-0.2229223930936713,2022,7,3,3,2022-07,7-3
2022-07-24 00:00:00+00:00,2022-07-29 00:00:00+00:00,0.30342822079149995,-0.2672841092126727,2022,7,3,3,2022-07,7-3
2022-07-29 00:00:00+00:00,2022-08-03 00:00:00+00:00,0.14363036212082,-0.11128485172929348,2022,7,3,4,2022-07,7-4
2022-08-03 00:00:00+00:00,2022-08-08 00:00:00+00:00,0.26948795717195684,-0.23818859837154674,2022,8,3,1,2022-08,8-1
2022-08-08 00:00:00+00:00,2022-08-13 00:00:00+00:00,0.14796930568906058,-0.11349905381431598,2022,8,3,2,2022-08,8-2
2022-08-13 00:00:00+00:00,2022-08-18 00:00:00+00:00,0.13048263710479766,-0.09068957920795412,2022,8,3,2,2022-08,8-2
2022-08-18 00:00:00+00:00,2022-08-23 00:00:00+00:00,0.1436832881627545,-0.10312178589302372,2022,8,3,3,2022-08,8-3
2022-08-23 00:00:00+00:00,2022-08-28 00:00:00+00:00,0.1834133197729069,-0.15365580645999807,2022,8,3,4,2022-08,8-4
2022-08-28 00:00:00+00:00,2022-09-02 00:00:00+00:00,-0.011112330529125221,0.03729593227656414,2022,8,3,4,2022-08,8-4
2022-09-02 00:00:00+00:00,2022-09-07 00:00:00+00:00,0.16068904119512037,-0.12919921126513564,2022,9,3,1,2022-09,9-1
2022-09-07 00:00:00+00:00,2022-09-12 00:00:00+00:00,0.04429906369674905,0.0013693777072742862,2022,9,3,2,2022-09,9-2
2022-09-12 00:00:00+00:00,2022-09-17 00:00:00+00:00,0.28162073749206723,-0.21669848016436774,2022,9,3,3,2022-09,9-3
2022-09-17 00:00:00+00:00,2022-09-22 00:00:00+00:00,0.026420718842545494,0.0020638868439770775,2022,9,3,3,2022-09,9-3
2022-09-22 00:00:00+00:00,2022-09-27 00:00:00+00:00,0.17281623035459528,-0.12331862280121765,2022,9,3,4,2022-09,9-4
2022-09-27 00:00:00+00:00,2022-10-02 00:00:00+00:00,0.09288614376998881,-0.04964666972388458,2022,9,3,5,2022-09,9-5
2022-10-02 00:00:00+00:00,2022-10-07 00:00:00+00:00,0.11977630363197547,-0.065844883716456,2022,10,4,1,2022-10,10-1
2022-10-07 00:00:00+00:00,2022-10-12 00:00:00+00:00,0.17040392955326655,-0.1244661883095449,2022,10,4,2,2022-10,10-2
2022-10-12 00:00:00+00:00,2022-10-17 00:00:00+00:00,0.013399294552214865,-0.00786725548926844,2022,10,4,3,2022-10,10-3
2022-10-17 00:00:00+00:00,2022-10-22 00:00:00+00:00,0.3429629249708594,-0.28991281093267113,2022,10,4,4,2022-10,10-4
2022-10-22 00:00:00+00:00,2022-10-27 00:00:00+00:00,0.3688651425664107,-0.313816901755535,2022,10,4,4,2022-10,10-4
2022-10-27 00:00:00+00:00,2022-11-01 00:00:00+00:00,0.4488654293964158,-0.38118400213579096,2022,10,4,5,2022-10,10-5
2022-11-01 00:00:00+00:00,2022-11-06 00:00:00+00:00,0.46350924466147786,-0.4137921192517111,2022,11,4,1,2022-11,11-1
2022-11-06 00:00:00+00:00,2022-11-11 00:00:00+00:00,0.4068552575900013,-0.36669842841274847,2022,11,4,1,2022-11,11-1
2022-11-11 00:00:00+00:00,2022-11-16 00:00:00+00:00,0.26469375308020177,-0.23393469230649147,2022,11,4,2,2022-11,11-2
2022-11-16 00:00:00+00:00,2022-11-21 00:00:00+00:00,0.18180990063337218,-0.15061723228996077,2022,11,4,3,2022-11,11-3
2022-11-21 00:00:00+00:00,2022-11-26 00:00:00+00:00,0.043602512467972476,-0.02168458469614134,2022,11,4,4,2022-11,11-4
2022-11-26 00:00:00+00:00,2022-12-01 00:00:00+00:00,0.34372575255001575,-0.3265278615145777,2022,11,4,4,2022-11,11-4
2022-12-01 00:00:00+00:00,2022-12-06 00:00:00+00:00,0.1519759122197382,-0.12595977103695727,2022,12,4,1,2022-12,12-1
2022-12-06 00:00:00+00:00,2022-12-11 00:00:00+00:00,0.23514872269445847,-0.2220729776902682,2022,12,4,2,2022-12,12-2
2022-12-11 00:00:00+00:00,2022-12-16 00:00:00+00:00,0.36766586812277974,-0.38302816258127054,2022,12,4,2,2022-12,12-2
2022-12-16 00:00:00+00:00,2022-12-21 00:00:00+00:00,0.36531121411807094,-0.3960537563780119,2022,12,4,3,2022-12,12-3
2022-12-21 00:00:00+00:00,2022-12-26 00:00:00+00:00,0.3378891971535755,-0.37693855968635753,2022,12,4,4,2022-12,12-4
2022-12-26 00:00:00+00:00,2022-12-31 00:00:00+00:00,0.3516806657983928,-0.3945493682109811,2022,12,4,5,2022-12,12-5
